,name,github_id,category,group,group_id,github_url,homepage,license,created_at,updated_at,last_commit_pushed_at,commit_count,recent_commit_count,fork_count,watchers_count,pr_count,open_issue_count,closed_issue_count,star_count,latest_stable_release_published_at,latest_stable_release_number,release_count,description,dependent_project_count,github_dependent_project_count,contributor_count,projectrank,show,monthly_downloads,projectrank_placing,trending,labels,github_release_downloads,dockerhub_id,dockerhub_url,dockerhub_latest_release_published_at,dockerhub_pulls,updated_github_id,npm_id,npm_url,npm_monthly_downloads,dockerhub_stars,pypi_id,pypi_url,pypi_monthly_downloads,helm_id,maven_id,maven_url,brew_id,gem_url,new_addition,apt_id
0,iota-identity,iotaledger/identity.rs,decentralized,True,iota,https://github.com/iotaledger/identity.rs,https://github.com/iotaledger/identity.rs,Apache-2.0,2020-02-06 14:33:11,2023-11-01 23:16:10.000000,2023-10-31 08:54:00,10155.0,406.0,243.0,124.0,5706.0,325.0,4450.0,1210.0,2023-10-31 09:47:01,0.6.3,238.0,Implementation of the Decentralized Identity standards such as DID and Verifiable Credentials by W3C for the IOTA..,310.0,101.0,195.0,36,True,11984.0,1.0,12.0,,,,,,,,,,,,,,,,,,,,,
1,aries,hyperledger/aries,decentralized,True,aries,https://github.com/hyperledger/aries,https://github.com/hyperledger/aries,Apache-2.0,2019-05-08 16:49:48,2023-11-01 21:28:10.000000,2023-11-01 21:10:45,23747.0,719.0,985.0,188.0,6392.0,930.0,2798.0,1332.0,2023-10-25 15:52:57,,228.0,"Hyperledger Aries is infrastructure for blockchain-rooted, peer-to-peer interactions.",52.0,,461.0,33,True,584.0,1.0,,['hyperledger'],,,,,,,,,,,,,,,,,,,,
2,trinsic-id,trinsic-id/sdk,decentralized,True,trinsic-id,https://github.com/trinsic-id/sdk,https://github.com/trinsic-id/sdk,Apache-2.0,2020-10-19 15:17:13,2023-10-28 01:56:33.000000,2023-10-26 13:23:15,1621.0,67.0,27.0,23.0,1768.0,32.0,394.0,53.0,2023-10-13 17:40:05,1.12.0,34.0,Trinsic SDK repository.,542.0,,41.0,28,False,1536.0,1.0,,,8873.0,,,,,,,,,,,,,,,,,,,
3,sphereon-ssi,sphereon-opensource/ssi-sdk,decentralized,True,sphereon-ssi,https://github.com/Sphereon-Opensource/SSI-SDK,https://github.com/Sphereon-Opensource/SSI-SDK,Apache-2.0,2021-04-12 14:54:14,2023-10-26 10:56:49.000000,2023-10-26 10:56:49,4423.0,352.0,49.0,34.0,501.0,22.0,54.0,201.0,2023-10-14 23:03:15,0.17.5,82.0,Self Sovereign Identity SDK.,57.0,1.0,60.0,25,True,4.0,2.0,,,,,,,,,,,,,,,,,,,,,,
4,waltid-ssikit,walt-id/waltid-ssikit,decentralized,True,waltid-ssikit,https://github.com/walt-id/waltid-ssikit,https://github.com/walt-id/waltid-ssikit,Apache-2.0,2021-08-04 08:19:14,2023-11-01 19:23:29.000000,2023-11-01 19:23:03,3523.0,314.0,64.0,15.0,401.0,7.0,247.0,152.0,2023-11-01 07:01:35,1.2310181323.0,207.0,All-In-One SSI infrastructure toolkit.,,,51.0,25,True,1782.0,2.0,,,57.0,waltid/ssikit,https://hub.docker.com/r/waltid/ssikit,2023-10-18 13:36:09.505112,9891.0,,,,,,,,,,,,,,,
5,solid-project,solid/solid,standards,True,solid-project,https://github.com/solid/solid,https://github.com/solid/solid,MIT,2015-11-24 05:45:27,2023-11-01 17:36:18.000000,2023-11-01 08:46:32,1087.0,45.0,409.0,612.0,251.0,317.0,217.0,8605.0,2021-12-21 13:00:06,,1.0,Solid - Re-decentralizing the web (project directory).,,,43.0,22,True,,1.0,1.0,['solid'],,,,,,,,,,,,,,,,,,,,
6,polygon-id,0xPolygonID/sh-id-platform,decentralized,True,polygon-id,https://github.com/0xPolygonID/issuer-node,https://github.com/0xPolygonID/issuer-node,Apache-2.0,2022-11-08 12:11:09,2023-11-01 12:01:33.000000,2023-11-01 07:54:57,1558.0,19.0,64.0,13.0,535.0,21.0,98.0,95.0,2023-11-01 07:56:14,2.2.1,32.0,Self Hosted Issuer Node.,64.0,,30.0,21,False,,2.0,,,,,,,,0xPolygonID/issuer-node,,,,,,,,,,,,,,
7,spruceid,spruceid/didkit,decentralized,True,spruceid,https://github.com/spruceid/didkit,https://github.com/spruceid/didkit,Apache-2.0,2020-07-23 21:18:28,2023-11-01 15:52:00.000000,2023-11-01 15:51:52,1029.0,14.0,124.0,80.0,673.0,129.0,198.0,418.0,,,,A cross-platform toolkit for decentralized identity.,117.0,4.0,56.0,20,True,,3.0,,,,ghcr.io/spruceid/didkit-http,https://hub.docker.com/r/ghcr.io/spruceid/didkit-http,,,,,,,,,,,,,,,,,
8,talao-altme,talaodao/altme,decentralized,True,talao-altme,https://github.com/TalaoDAO/AltMe,https://github.com/TalaoDAO/AltMe,Apache-2.0,2021-06-29 14:41:04,2023-11-01 13:42:38.000000,2023-10-26 19:10:59,7390.0,293.0,15.0,10.0,512.0,75.0,1813.0,36.0,2023-01-06 16:00:40,,1.0,SSI + crypto wallet .Self Sovereign Identity wallet with cryptos and NFT features. EBSI conformant.,,,18.0,17,False,,3.0,,,,,,,,,,,,,,,,,,,,,,
9,evernym-ssi,evernym/verity,decentralized,True,evernym-ssi,https://github.com/evernym/verity,https://github.com/evernym/verity,Apache-2.0,2020-01-14 21:16:21,2023-08-08 10:21:22.000000,2023-04-11 16:19:31,6279.0,,55.0,99.0,201.0,3.0,,98.0,2021-03-22 11:09:10,,100.0,Evernym Verity is a decentralized protocol platform for issuing and verifying digital credentials. This repository..,42.0,,144.0,16,False,8.0,3.0,,,,,,,,,,,,,,,,,,,,,,
10,nextauthjs,nextauthjs/next-auth,authentication,,,https://github.com/nextauthjs/next-auth,https://github.com/nextauthjs/next-auth,ISC,2018-01-27 12:28:16,2023-11-01 20:05:45.000000,2023-10-30 23:39:55,2565.0,195.0,2348.0,98.0,2049.0,226.0,3435.0,19570.0,2023-10-18 15:07:14,next-auth@4.24.3,100.0,Authentication for the Web.,151421.0,151421.0,580.0,42,True,2877172.0,1.0,,,,,,,,,next-auth,https://www.npmjs.com/package/next-auth,2877172.0,,,,,,,,,,,
11,coredns,coredns/coredns,machine,,,https://github.com/coredns/coredns,https://github.com/coredns/coredns,Apache-2.0,2016-03-18 20:56:45,2023-10-30 21:18:34.000000,2023-10-30 21:18:33,3771.0,64.0,1874.0,237.0,4041.0,89.0,2109.0,11335.0,2023-08-15 20:00:30,1.11.1,67.0,CoreDNS is a DNS server that chains plugins.,5594.0,5594.0,370.0,41,True,2812999.0,1.0,,"['linux-foundation', 'cncf']",6831497.0,coredns/coredns,https://hub.docker.com/r/coredns/coredns,2023-08-15 20:02:07.060982,251487851.0,,,,,145.0,,,,,,,,,,
12,open-policy-agent,open-policy-agent/opa,authorization,,,https://github.com/open-policy-agent/opa,https://github.com/open-policy-agent/opa,Apache-2.0,2015-12-28 22:08:25,2023-11-01 17:57:45.000000,2023-11-01 14:04:50,4850.0,130.0,1170.0,125.0,3946.0,321.0,2083.0,8645.0,2023-10-26 22:37:54,0.58.0,100.0,"Open Policy Agent (OPA) is an open source, general-purpose policy engine.",3019.0,3019.0,426.0,40,True,4805450.0,1.0,,"['cncf', 'linux-foundation']",4382539.0,openpolicyagent/opa,https://hub.docker.com/r/openpolicyagent/opa,2023-11-01 14:53:27.811707,448354227.0,,,,,39.0,,,,,,,,,,
13,oauthlib,oauthlib/oauthlib,authentication,,,https://github.com/oauthlib/oauthlib,https://github.com/oauthlib/oauthlib,BSD-3-Clause,2011-11-19 23:08:51,2023-10-25 05:42:37.000000,2023-10-25 05:42:36,1677.0,29.0,458.0,69.0,492.0,75.0,293.0,2660.0,2023-01-10 13:13:43,3.2.2,48.0,"A generic, spec-compliant, thorough implementation of the OAuth request-signing logic.",452190.0,452190.0,195.0,40,True,83855452.0,1.0,,,,,,,,,,,,,oauthlib,https://pypi.org/project/oauthlib,83855452.0,,,,,,,
14,cert-manager,cert-manager/cert-manager,pki,,,https://github.com/cert-manager/cert-manager,https://github.com/cert-manager/cert-manager,Apache-2.0,2017-05-24 16:25:59,2023-10-31 16:01:21.000000,2023-10-31 16:01:21,8122.0,183.0,1878.0,148.0,3116.0,163.0,2968.0,10839.0,2023-10-30 12:58:49,1.13.2,100.0,Automatically provision and manage TLS certificates in Kubernetes.,675.0,675.0,414.0,39,True,1595768.0,1.0,,['linux-foundation'],60639221.0,,,,,,,,,,,,,,,,,,,
15,speechbrain,speechbrain/speechbrain,voice,,,https://github.com/speechbrain/speechbrain,https://github.com/speechbrain/speechbrain,Apache-2.0,2020-04-28 17:48:45,2023-11-01 22:00:42.000000,2023-10-30 10:16:51,9583.0,410.0,1134.0,123.0,1015.0,94.0,860.0,6760.0,2023-07-22 18:07:47,0.5.15,9.0,A PyTorch-based Speech Toolkit.,1062.0,1062.0,223.0,38,True,208441.0,1.0,,,,,,,,,,,,,speechbrain,https://pypi.org/project/speechbrain,208441.0,,,,,,,
16,passport,jaredhanson/passport,authentication,,,https://github.com/jaredhanson/passport,https://github.com/jaredhanson/passport,MIT,2011-10-08 22:38:32,2023-10-19 15:43:32.000000,2023-03-10 17:27:55,617.0,,1183.0,312.0,156.0,334.0,424.0,21895.0,,,,"Simple, unobtrusive authentication for Node.js.",937333.0,937333.0,38.0,37,True,9259627.0,2.0,,,,,,,,,passport,https://www.npmjs.com/package/passport,9259627.0,,,,,,,,,,,
17,keycloak,keycloak/keycloak,idp,,,https://github.com/keycloak/keycloak,https://github.com/keycloak/keycloak,Apache-2.0,2013-07-02 13:38:51,2023-11-01 22:04:29.000000,2023-11-01 21:14:11,23215.0,643.0,5610.0,367.0,13175.0,1882.0,5923.0,17878.0,2023-10-24 10:22:23,22.0.5,43.0,Open Source Identity and Access Management For Modern Applications and Services.,,,1286.0,37,True,62078.0,1.0,,['cncf'],2172744.0,quay.io/keycloak/keycloak,https://hub.docker.com/r/quay.io/keycloak/keycloak,,,,,,,,,,,,,,,,,
18,vault,hashicorp/vault,pki,,,https://github.com/hashicorp/vault,https://github.com/hashicorp/vault,,2015-02-25 00:15:59,2023-11-01 23:13:08.000000,2023-11-01 23:12:51,18477.0,666.0,3830.0,814.0,18089.0,915.0,4803.0,28799.0,2023-10-25 00:27:02,1.15.1,100.0,"A tool for secrets management, encryption as a service, and privileged access management.",6680.0,6680.0,1419.0,36,False,,2.0,,['hashicorp'],,,,,,,,,,,,,,,,,,,,
19,ory-kratos,ory/kratos,idp,,,https://github.com/ory/kratos,https://github.com/ory/kratos,Apache-2.0,2018-05-29 16:09:37,2023-11-01 08:05:48.000000,2023-10-31 09:23:18,4014.0,147.0,804.0,107.0,1747.0,176.0,998.0,9516.0,2023-07-12 20:24:48,1.0.0,43.0,"Next-gen identity server (think Auth0, Okta, Firebase) with Ory-hardened authentication, PassKeys, MFA, FIDO2, TOTP,..",326.0,326.0,213.0,36,True,1703121.0,1.0,,['ory'],34406.0,oryd/kratos,https://hub.docker.com/r/oryd/kratos,2023-07-12 20:24:47.415774,112356721.0,,,,,17.0,,,,https://k8s.ory.sh/helm/charts,,,,,,
20,casbin,casbin/casbin,authorization,,,https://github.com/casbin/casbin,https://github.com/casbin/casbin,Apache-2.0,2017-04-08 07:51:23,2023-10-30 06:10:48.000000,2023-10-30 06:05:45,1078.0,14.0,1538.0,231.0,479.0,35.0,734.0,15939.0,2023-09-02 15:37:12,2.77.2,100.0,"An authorization library that supports access control models like ACL, RBAC, ABAC in Golang:..",2579.0,2579.0,135.0,35,True,293842.0,2.0,,,,,,,,,casbin,https://www.npmjs.com/package/casbin,174324.0,,casbin,https://pypi.org/project/casbin,119518.0,,org.casbin:casbin-spring-boot-starter,https://search.maven.org/artifact/org.casbin/casbin-spring-boot-starter,,,,
21,ory-hydra,ory/hydra,authentication,,,https://github.com/ory/hydra,https://github.com/ory/hydra,Apache-2.0,2015-05-22 12:42:08,2023-10-31 10:44:39.000000,2023-10-24 08:44:35,3731.0,63.0,1316.0,234.0,1722.0,75.0,1389.0,14624.0,2023-05-24 08:55:23,2.1.2,100.0,"OpenID Certified OpenID Connect and OAuth Provider written in Go - cloud native, security-first, open source API..",2.0,2.0,290.0,35,True,4016160.0,2.0,-1.0,['ory'],655368.0,oryd/hydra,https://hub.docker.com/r/oryd/hydra,2023-08-16 21:09:15.061728,408665447.0,,,,,75.0,,,,https://k8s.ory.sh/helm/charts,,,,,,
22,face-api-js,justadudewhohacks/face-api.js,face,,,https://github.com/justadudewhohacks/face-api.js,https://github.com/justadudewhohacks/face-api.js,MIT,2018-05-19 06:14:53,2023-09-03 13:34:38.000000,2020-04-22 16:40:10,488.0,,3501.0,334.0,107.0,422.0,389.0,15570.0,2020-03-22 14:01:55,0.22.2,38.0,JavaScript API for face detection and face recognition in the browser and nodejs with tensorflow.js.,7592.0,7592.0,25.0,34,False,162558.0,1.0,,,,,,,,,face-api.js,https://www.npmjs.com/package/face-api.js,162558.0,,,,,,,,,,,
23,casl,stalniy/casl,authorization,,,https://github.com/stalniy/casl,https://github.com/stalniy/casl,MIT,2017-07-18 17:49:47,2023-11-01 15:28:47.000000,2023-10-17 06:26:58,1498.0,9.0,248.0,42.0,341.0,12.0,424.0,5234.0,2023-07-28 06:28:52,@casl/mongoose@7.2.1,100.0,CASL is an isomorphic authorization JavaScript library which restricts what resources a given user is allowed to access.,57003.0,57003.0,66.0,34,True,2102584.0,2.0,,,,,,,,,@casl/ability,https://www.npmjs.com/package/@casl/ability,2102584.0,,,,,,,,,,,
24,ockam,build-trust/ockam,machine,,,https://github.com/build-trust/ockam,https://github.com/build-trust/ockam,Apache-2.0,2018-11-30 18:57:01,2023-11-01 19:21:26.000000,2023-11-01 18:25:27,7250.0,985.0,515.0,57.0,4993.0,316.0,1353.0,3856.0,2023-10-27 05:46:58,ockam_v0.100.0,100.0,"Orchestrate end-to-end encryption, cryptographic identities, mutual authentication, and authorization policies between..",183.0,183.0,288.0,34,True,13834.0,2.0,,,332028.0,,,,,,,,,,,,,,,,build-trust/ockam/ockam,,,
25,cas,apereo/cas,idp,,,https://github.com/apereo/cas,https://github.com/apereo/cas,Apache-2.0,2011-09-09 01:36:42,2023-11-01 22:26:59.000000,2023-11-01 22:26:57,23972.0,454.0,3809.0,610.0,4504.0,,,10513.0,2023-10-16 07:04:06,6.6.13,100.0,Apereo CAS - Identity & Single Sign On for all earthlings and beyond.,21.0,21.0,339.0,33,True,5801.0,2.0,,,,apereo/cas,https://hub.docker.com/r/apereo/cas,2023-11-01 00:45:30.816701,847017.0,,,,,128.0,,,,,,,,,,
26,pomerium,pomerium/pomerium,machine,,,https://github.com/pomerium/pomerium,https://github.com/pomerium/pomerium,Apache-2.0,2019-01-01 08:04:37,2023-11-01 22:43:54.000000,2023-11-01 20:50:59,3130.0,120.0,273.0,36.0,3712.0,84.0,851.0,3701.0,2023-08-28 14:49:52,0.23.0,100.0,Pomerium is an identity and context-aware access proxy.,13.0,13.0,91.0,33,True,16631630.0,2.0,,,48556.0,pomerium/pomerium,https://hub.docker.com/r/pomerium/pomerium,2023-11-01 21:04:41.893714,964577121.0,,,,,10.0,,,,,,,,,,
27,ageitgey-face-recognition,ageitgey/face_recognition,face,,,https://github.com/ageitgey/face_recognition,https://github.com/ageitgey/face_recognition,MIT,2017-03-03 21:52:39,2023-10-18 08:51:11.000000,2022-06-10 09:12:18,238.0,,12828.0,1573.0,222.0,714.0,584.0,49952.0,2018-04-02 17:18:43,1.2.2,2.0,The worlds simplest facial recognition api for Python and the command line.,21.0,21.0,54.0,32,False,61767.0,2.0,1.0,,1185.0,animcogn/face_recognition,https://hub.docker.com/r/animcogn/face_recognition,2021-08-17 00:42:22.824355,7005.0,,,,,16.0,face_recognition,https://pypi.org/project/face_recognition,61665.0,,,,,,,
28,insightface,deepinsight/insightface,face,,,https://github.com/deepinsight/insightface,https://github.com/deepinsight/insightface,,2017-09-01 00:36:51,2023-10-01 11:57:13.000000,2023-09-10 02:01:49,2281.0,21.0,4754.0,489.0,149.0,970.0,1337.0,18700.0,2023-04-02 07:43:27,0.7,1.0,State-of-the-art 2D and 3D Face Analysis Project.,1129.0,1129.0,57.0,32,False,123592.0,2.0,,,865140.0,animcogn/insightface,https://hub.docker.com/r/animcogn/insightface,2021-03-18 22:57:48.799620,138.0,,,,,,,,,,,,,,,
29,paddlespeech,PaddlePaddle/PaddleSpeech,voice,,,https://github.com/PaddlePaddle/PaddleSpeech,https://github.com/PaddlePaddle/PaddleSpeech,Apache-2.0,2017-11-14 12:36:30,2023-10-31 07:51:11.000000,2023-09-19 06:25:53,4731.0,5.0,1639.0,180.0,1683.0,372.0,1325.0,8961.0,2023-04-14 09:36:52,r1.4.1,15.0,"Easy-to-use Speech Toolkit including Self-Supervised Learning model, SOTA/Streaming ASR with punctuation, Streaming..",80.0,80.0,128.0,32,True,180241.0,3.0,,,,,,,,,,,,,paddlepaddle,https://pypi.org/project/paddlepaddle,180241.0,,,,,,,
30,spire,spiffe/spire,machine,,,https://github.com/spiffe/spire,https://github.com/spiffe/spire,Apache-2.0,2017-08-11 18:46:51,2023-11-01 17:09:19.000000,2023-11-01 17:09:19,6258.0,152.0,407.0,82.0,3321.0,151.0,1153.0,1535.0,2023-10-25 21:26:30,1.8.3,90.0,The SPIFFE Runtime Environment.,120.0,120.0,178.0,32,True,2253.0,2.0,,"['cncf', 'linux-foundation']",164495.0,ghcr.io/spiffe/spire-server,https://hub.docker.com/r/ghcr.io/spiffe/spire-server,,,,,,,,,,,,,,,,,
31,dex,dexidp/dex,authentication,,,https://github.com/dexidp/dex,https://github.com/dexidp/dex,Apache-2.0,2015-08-17 17:57:06,2023-11-01 04:14:32.000000,2023-10-25 14:03:03,2625.0,85.0,1468.0,178.0,1903.0,278.0,796.0,8519.0,2023-06-30 14:12:39,2.37.0,80.0,OpenID Connect (OIDC) identity and OAuth 2.0 provider with pluggable connectors.,143.0,143.0,223.0,31,True,3.0,2.0,,['linux-foundation'],305.0,quay.io/dexidp/dex,https://hub.docker.com/r/quay.io/dexidp/dex,,,,,,,,,,,,,,,,,
32,spicedb,authzed/spicedb,authorization,,,https://github.com/authzed/spicedb,https://github.com/authzed/spicedb,Apache-2.0,2021-08-16 15:32:09,2023-11-01 18:43:02.000000,2023-10-31 15:12:33,3280.0,251.0,208.0,37.0,1211.0,103.0,298.0,3958.0,2023-10-20 08:12:01,1.26.0,59.0,"Open Source, Google Zanzibar-inspired fine-grained permissions database.",38.0,38.0,37.0,31,True,48996.0,2.0,,,29992.0,authzed/spicedb,https://hub.docker.com/r/authzed/spicedb,2023-10-31 15:43:03.531627,1291768.0,,,,,4.0,,,,,,,,,,
33,faceswap,deepfakes/faceswap,face,,,https://github.com/deepfakes/faceswap,https://github.com/deepfakes/faceswap,GPL-3.0,2017-12-19 09:44:13,2023-10-24 22:47:28.000000,2023-10-24 22:47:08,1782.0,15.0,12485.0,1534.0,513.0,15.0,815.0,47405.0,2023-06-18 18:08:19,2.2.0,4.0,Deepfakes Software For All.,,,97.0,30,True,2554.0,2.0,,,145634.0,,,,,,,,,,,,,,,,,,,
34,deepface,serengil/deepface,face,,,https://github.com/serengil/deepface,https://github.com/serengil/deepface,MIT,2020-02-08 20:42:28,2023-10-30 08:51:50.000000,2023-10-25 14:29:02,1095.0,21.0,1510.0,109.0,89.0,8.0,783.0,7936.0,,,,"A Lightweight Face Recognition and Facial Attribute Analysis (Age, Gender, Emotion and Race) Library for Python.",2063.0,2063.0,47.0,30,True,109756.0,2.0,,,,,,,,,,,,,deepface,https://pypi.org/project/deepface,109756.0,,,,,,,
35,boundary,hashicorp/boundary,machine,,,https://github.com/hashicorp/boundary,https://github.com/hashicorp/boundary,,2020-01-08 18:24:07,2023-11-01 23:11:09.000000,2023-11-01 21:41:54,3495.0,195.0,252.0,202.0,3657.0,78.0,236.0,3712.0,2023-10-17 19:10:26,0.14.1,47.0,Boundary enables identity-based access management for dynamic infrastructure.,8.0,8.0,145.0,30,False,225392.0,3.0,1.0,['hashicorp'],,hashicorp/boundary,https://hub.docker.com/r/hashicorp/boundary,2023-10-17 19:23:39.616384,10368036.0,,,,,11.0,,,,,,,,,,
36,did-jwt,decentralized-identity/did-jwt,decentralized,,,https://github.com/decentralized-identity/did-jwt,https://github.com/decentralized-identity/did-jwt,Apache-2.0,2018-02-24 02:00:53,2023-11-01 22:36:06.000000,2023-11-01 11:36:39,608.0,27.0,63.0,40.0,211.0,4.0,83.0,303.0,2023-11-01 11:37:20,7.4.5,100.0,Create and verify DID verifiable JWTs in Javascript.,4073.0,4073.0,41.0,30,True,151112.0,1.0,,['dif'],,,,,,,did-jwt,https://www.npmjs.com/package/did-jwt,151112.0,,,,,,,,,,,
37,deepfacelab,iperov/DeepFaceLab,face,,,https://github.com/iperov/DeepFaceLab,https://github.com/iperov/DeepFaceLab,GPL-3.0,2018-06-04 13:10:00,2023-10-24 10:56:48.000000,2023-04-27 06:45:45,1313.0,,8877.0,1105.0,131.0,540.0,801.0,43119.0,2020-04-09 05:48:48,DF.wf.288res.384.92.72.22,2.0,DeepFaceLab is the leading software for creating deepfakes.,21.0,21.0,22.0,29,True,3735.0,3.0,,,164382.0,,,,,,,,,,,,,,,,,,,
38,openface,cmusatyalab/openface,face,,,https://github.com/cmusatyalab/openface,https://github.com/cmusatyalab/openface,Apache-2.0,2015-09-16 12:47:27,2023-10-25 21:16:29.000000,2023-06-14 17:20:41,735.0,,3483.0,759.0,74.0,9.0,370.0,14898.0,2016-02-25 17:42:46,0.2.1,4.0,Face recognition with deep neural networks.,67.0,67.0,30.0,29,True,1642.0,3.0,,,,bamos/openface,https://hub.docker.com/r/bamos/openface,2018-06-18 18:11:58.528635,160970.0,,,,,70.0,,,,,,,,,,
39,casdoor,casdoor/casdoor,idp,,,https://github.com/casdoor/casdoor,https://github.com/casdoor/casdoor,Apache-2.0,2020-10-22 14:40:03,2023-11-01 15:25:32.000000,2023-11-01 15:07:24,2079.0,250.0,851.0,55.0,1282.0,106.0,983.0,7286.0,2023-11-01 15:25:32,1.446.1,100.0,"An open-source Identity and Access Management (IAM) / Single-Sign-On (SSO) platform with web UI supporting OAuth 2.0,..",3.0,3.0,145.0,29,True,2256.0,2.0,,,,casbin/casdoor,https://hub.docker.com/r/casbin/casdoor,2023-11-01 11:02:36.598818,83492.0,,,,,9.0,,,,,,,,,,
40,doorkeeper,doorkeeper-gem/doorkeeper,authentication,,,https://github.com/doorkeeper-gem/doorkeeper,https://github.com/doorkeeper-gem/doorkeeper,MIT,2011-11-18 13:02:01,2023-10-10 07:23:07.000000,2023-10-10 07:23:07,2372.0,11.0,1003.0,106.0,817.0,25.0,828.0,5207.0,2023-03-29 07:20:04,5.6.6,62.0,Doorkeeper is an OAuth 2 provider for Ruby on Rails / Grape.,8196.0,8196.0,312.0,29,True,,3.0,,,,,,,,,,,,,,,,,,,,doorkeeper,,
41,keto,ory/keto,authorization,,,https://github.com/ory/keto,https://github.com/ory/keto,Apache-2.0,2018-03-17 10:40:15,2023-10-31 03:14:33.000000,2023-10-18 14:17:30,1482.0,30.0,304.0,59.0,1083.0,45.0,256.0,4302.0,,,50.0,"Open Source (Go) implementation of Zanzibar: Googles Consistent, Global Authorization System. Ships gRPC, REST APIs,..",19.0,19.0,71.0,29,True,747525.0,3.0,,['ory'],17586.0,oryd/keto,https://hub.docker.com/r/oryd/keto,2023-03-09 14:30:27.177505,50811805.0,,,,,6.0,,,,,,,,,,
42,identity-server,duendesoftware/identityserver,authentication,,,https://github.com/DuendeSoftware/IdentityServer,https://github.com/DuendeSoftware/IdentityServer,https://duendesoftware.com/license,2020-10-01 08:46:31,2023-11-01 20:40:29.000000,2023-11-01 20:02:43,5098.0,151.0,264.0,38.0,721.0,61.0,235.0,1177.0,2023-09-20 14:53:26,6.3.5,47.0,The most flexible and standards-compliant OpenID Connect and OAuth 2.x framework for ASP.NET Core.,1388.0,1388.0,293.0,29,True,,3.0,,,,,,,,,,,,,,,,,,,,,,
43,authelia,authelia/authelia,idp,,,https://github.com/authelia/authelia,https://github.com/authelia/authelia,Apache-2.0,2016-12-07 00:56:57,2023-10-31 21:46:44.000000,2023-10-31 19:47:20,4904.0,339.0,949.0,158.0,4730.0,71.0,1079.0,17718.0,2022-12-21 09:01:04,4.37.5,100.0,The Single Sign-On Multi-Factor portal for web apps.,,,132.0,28,True,607.0,2.0,,,27960.0,,,,,,,,,,,,,,,,,,,
44,logto,logto-io/logto,idp,,,https://github.com/logto-io/logto,https://github.com/logto-io/logto,MPL-2.0,2021-06-19 03:01:50,2023-11-01 10:21:35.000000,2023-11-01 09:15:10,5075.0,531.0,260.0,35.0,4451.0,76.0,229.0,6426.0,2023-10-08 06:03:10,1.10.0,49.0,"Logto is a modern Auth0 alternative for building identity infrastructure with minimal effort, for both your customers..",7.0,7.0,43.0,28,True,807.0,2.0,,,2605.0,svhd/logto,https://hub.docker.com/r/svhd/logto,2023-10-08 05:55:33.959001,19451.0,,,,,1.0,,,,,,,,,,
45,zitadel,zitadel/zitadel,idp,,,https://github.com/zitadel/zitadel,https://github.com/zitadel/zitadel,Apache-2.0,2020-03-16 13:51:31,2023-11-01 18:31:49.000000,2023-10-31 12:24:39,2664.0,257.0,293.0,29.0,4693.0,414.0,1342.0,5038.0,2023-10-31 13:20:01,2.40.1,100.0,"ZITADEL - Identity infrastructure, simplified foryou.",,,79.0,28,True,345.0,2.0,,,1727.0,ghcr.io/zitadel/zitadel,https://hub.docker.com/r/ghcr.io/zitadel/zitadel,,,,,,,,,,,https://charts.zitadel.com,,,,,,
46,boulder,letsencrypt/boulder,pki,,,https://github.com/letsencrypt/boulder,https://github.com/letsencrypt/boulder,MPL-2.0,2014-12-21 00:29:54,2023-11-01 22:24:44.000000,2023-11-01 22:24:43,6332.0,66.0,537.0,140.0,4251.0,191.0,2668.0,4814.0,2023-10-30 22:45:46,release-2023-10-30,89.0,"An ACME-based certificate authority, written in Go.",,,127.0,28,True,21156.0,2.0,,['linux-foundation'],59227.0,letsencrypt/boulder-tools,https://hub.docker.com/r/letsencrypt/boulder-tools,2023-10-12 16:38:19.369768,1946914.0,,,,,13.0,,,,,,,,,,
47,oathkeeper,ory/oathkeeper,machine,,,https://github.com/ory/oathkeeper,https://github.com/ory/oathkeeper,Apache-2.0,2017-09-25 11:04:45,2023-10-18 15:30:38.000000,2023-09-08 08:05:44,1354.0,6.0,319.0,49.0,715.0,48.0,275.0,3094.0,2023-07-18 10:23:06,0.40.6,100.0,"A cloud native Identity & Access Proxy / API (IAP) and Access Control Decision API that authenticates, authorizes, and..",2.0,2.0,109.0,28,True,1183701.0,3.0,,['ory'],31196.0,oryd/oathkeeper,https://hub.docker.com/r/oryd/oathkeeper,2023-07-18 10:23:05.234030,87561852.0,,,,,33.0,,,,,,,,,,
48,cerbos,cerbos/cerbos,authorization,,,https://github.com/cerbos/cerbos,https://github.com/cerbos/cerbos,Apache-2.0,2021-03-21 13:23:10,2023-11-01 18:46:59.000000,2023-11-01 18:46:59,1420.0,98.0,90.0,27.0,1507.0,49.0,266.0,1970.0,2023-10-31 08:08:33,0.31.0,54.0,"Cerbos is the open core, language-agnostic, scalable authorization solution that makes user permissions and..",19.0,19.0,23.0,28,True,1534.0,3.0,,,49116.0,ghcr.io/cerbos/cerbos,https://hub.docker.com/r/ghcr.io/cerbos/cerbos,,,,,,,,,,,oci://ghcr.io/cerbos/helm-charts/cerbos,,,,,,
49,whisper,openai/whisper,voice,,,https://github.com/openai/whisper,https://github.com/openai/whisper,MIT,2022-09-16 20:02:54,2023-11-01 22:23:16.000000,2023-10-10 17:01:01,124.0,7.0,5212.0,407.0,177.0,,,47087.0,2023-09-19 00:13:44,20230918,7.0,Robust Speech Recognition via Large-Scale Weak Supervision.,21.0,21.0,60.0,27,True,230320.0,3.0,,,,,,,,,,,,,openai-whisper,https://pypi.org/project/openai-whisper,230320.0,,,,,,,
50,authentik,goauthentik/authentik,idp,,,https://github.com/goauthentik/authentik,https://github.com/goauthentik/authentik,https://github.com/goauthentik/authentik/blob/13591fc72cd2f07bdd1c17f66e4f4f0a6608d8eb/authentik/enterprise/LICENSE,2019-12-30 09:19:48,2023-11-01 22:40:15.000000,2023-11-01 17:41:48,12882.0,732.0,389.0,27.0,5628.0,407.0,1208.0,4949.0,2023-10-28 20:19:45,ersion/2023.10.2,100.0,The authentication glue you need.,,,192.0,27,True,87.0,3.0,,,2364.0,,,,,,,,,,,,,https://charts.goauthentik.io,,,,,,
51,oso,osohq/oso,authorization,,,https://github.com/osohq/oso,https://github.com/osohq/oso,Apache-2.0,2020-05-04 20:05:50,2023-10-03 18:24:42.000000,2023-07-24 15:50:06,1200.0,,159.0,31.0,1519.0,106.0,100.0,3259.0,2023-04-03 23:25:23,0.27.0,100.0,Oso is a batteries-included framework for building authorization in your application.,78.0,78.0,63.0,27,True,42611.0,3.0,,,2618.0,,,,,,,,,,oso,https://pypi.org/project/oso,42532.0,,,,,,,
52,kanidm,kanidm/kanidm,idp,,,https://github.com/kanidm/kanidm,https://github.com/kanidm/kanidm,MPL-2.0,2019-02-02 01:41:26,2023-11-01 09:12:15.000000,2023-11-01 05:54:29,1668.0,235.0,110.0,16.0,1635.0,143.0,472.0,1711.0,2023-10-31 12:08:26,1.1.0-rc.15,17.0,"Kanidm: A simple, secure and fast identity management platform.",42.0,42.0,57.0,27,True,220.0,3.0,,,132.0,kanidm/server,https://hub.docker.com/r/kanidm/server,2023-10-31 11:50:28.869580,12442.0,,,,,,,,,,,,,,,
53,jansen,janssenproject/jans,idp,,,https://github.com/JanssenProject/jans,https://github.com/JanssenProject/jans,Apache-2.0,2020-11-03 15:00:37,2023-11-01 23:16:05.000000,2023-11-01 12:42:00,33135.0,383.0,50.0,30.0,3637.0,337.0,2391.0,298.0,2023-10-11 14:07:21,1.0.19,100.0,"An open source enterprise digital identity platform that scales: Janssen is a distribution of standards-based,..",,,109.0,27,True,306.0,3.0,,['linux-foundation'],1226.0,,,,,,,,,,,,,,,,,,,
54,did-resolver,decentralized-identity/did-resolver,decentralized,,,https://github.com/decentralized-identity/did-resolver,https://github.com/decentralized-identity/did-resolver,Apache-2.0,2018-02-20 16:33:55,2023-11-01 02:08:52.000000,2023-11-01 02:08:28,377.0,4.0,40.0,24.0,127.0,3.0,18.0,194.0,2023-03-08 14:05:37,4.1.0,24.0,Universal did-resolver for javascript environments.,4899.0,4899.0,24.0,27,True,174869.0,1.0,,['dif'],,,,,,,did-resolver,https://www.npmjs.com/package/did-resolver,174869.0,,,,,,,,,,,
55,did-jwt-vc,decentralized-identity/did-jwt-vc,decentralized,,,https://github.com/decentralized-identity/did-jwt-vc,https://github.com/decentralized-identity/did-jwt-vc,Apache-2.0,2019-07-22 20:20:06,2023-11-01 14:52:47.000000,2023-11-01 14:52:45,354.0,32.0,38.0,24.0,92.0,3.0,46.0,156.0,2023-11-01 14:53:16,3.2.14,52.0,Create and verify W3C Verifiable Credentials and Presentations in JWT format.,775.0,775.0,22.0,27,True,20936.0,1.0,,['dif'],,,,,,,did-jwt-vc,https://www.npmjs.com/package/did-jwt-vc,20936.0,,,,,,,,,,,
56,node-oidc-provider,panva/node-oidc-provider,authentication,,,https://github.com/panva/node-oidc-provider,https://github.com/panva/node-oidc-provider,MIT,2015-12-02 09:17:41,2023-10-25 21:01:21.000000,2023-10-25 20:56:59,2423.0,25.0,723.0,72.0,226.0,,,2845.0,2023-10-25 21:01:30,8.4.1,100.0,OpenID Certified OAuth 2.0 Authorization Server implementation for Node.js.,2.0,2.0,67.0,26,True,187952.0,3.0,,,,,,,,,oidc-provider,https://www.npmjs.com/package/oidc-provider,187952.0,,,,,,,,,,,
57,lemur,netflix/lemur,pki,,,https://github.com/Netflix/lemur,https://github.com/Netflix/lemur,Apache-2.0,2015-06-16 16:36:07,2023-11-01 17:29:06.000000,2023-10-30 18:55:19,5911.0,268.0,308.0,407.0,4082.0,119.0,415.0,1666.0,2023-10-23 21:10:51,1.6.0,27.0,Repository for the Lemur Certificate Manager.,,,151.0,26,True,0.0,3.0,,,51.0,,,,,,,,,,,,,,,,,,,
58,conjur,cyberark/conjur,machine,,,https://github.com/cyberark/conjur,https://github.com/cyberark/conjur,LGPL,2016-06-28 21:18:07,2023-10-30 21:55:26.000000,2023-10-13 18:18:58,3449.0,117.0,120.0,48.0,1886.0,207.0,901.0,713.0,2023-08-04 21:07:07,1.20.0,73.0,CyberArk Conjur automatically secures secrets used by privileged users and machine identities.,,,96.0,26,True,78616.0,3.0,,,364.0,cyberark/conjur,https://hub.docker.com/r/cyberark/conjur,2023-10-27 18:55:35.655413,6996393.0,,,,,30.0,,,,,,,,,,
59,firefly,iotaledger/firefly,decentralized,,iota,https://github.com/iotaledger/firefly,https://github.com/iotaledger/firefly,Apache-2.0,2020-04-30 16:27:21,2023-11-01 17:05:13.000000,2023-10-30 15:46:18,2638.0,219.0,97.0,46.0,3402.0,160.0,3671.0,455.0,2023-10-24 15:27:46,desktop-shimmer-2.1.9,90.0,The official IOTA and Shimmer wallet.,,,39.0,26,True,4570.0,2.0,,,146253.0,,,,,,,,,,,,,,,,,,True,
60,veramo,uport-project/veramo,decentralized,,,https://github.com/decentralized-identity/veramo,https://github.com/decentralized-identity/veramo,Apache-2.0,2019-11-12 14:18:17,2023-11-01 22:02:57.000000,2023-11-01 20:07:09,1816.0,63.0,102.0,23.0,728.0,60.0,348.0,358.0,2023-10-09 11:46:16,5.5.3,42.0,A JavaScript Framework for Verifiable Data.,512.0,512.0,49.0,26,True,,2.0,,,,,,,,decentralized-identity/veramo,,,,,,,,,,,,,,
61,athenz,athenz/athenz,pki,,,https://github.com/AthenZ/athenz,https://github.com/AthenZ/athenz,Apache-2.0,2016-11-16 18:23:08,2023-11-01 23:26:55.000000,2023-10-30 23:22:13,2864.0,122.0,253.0,53.0,2135.0,38.0,195.0,811.0,2023-10-30 23:17:55,1.11.45,100.0,Open source platform for X.509 certificate based service authentication and fine grained access control in dynamic..,26.0,26.0,78.0,25,True,,3.0,,['linux-foundation'],,,,,,,,,,,,,,,,,,,,
62,aries-python,hyperledger/aries-cloudagent-python,decentralized,,aries,https://github.com/hyperledger/aries-cloudagent-python,https://github.com/hyperledger/aries-cloudagent-python,Apache-2.0,2019-06-24 18:12:14,2023-11-01 21:28:10.000000,2023-11-01 21:10:45,8255.0,503.0,425.0,29.0,1515.0,227.0,842.0,373.0,2023-10-09 18:00:40,0.10.4,69.0,Hyperledger Aries Cloud Agent Python (ACA-Py) is a foundation for building decentralized identity applications and..,,,126.0,25,True,,2.0,,['hyperledger'],,,,,,,,,,,,,,,,,,,,
63,node-solid-server,nodesolidserver/node-solid-server,decentralized,,,https://github.com/nodeSolidServer/node-solid-server,https://github.com/nodeSolidServer/node-solid-server,MIT,2014-09-21 22:05:03,2023-10-20 15:23:04.000000,2023-09-03 08:06:59,2952.0,1.0,288.0,80.0,832.0,285.0,610.0,1755.0,2023-03-17 17:09:04,5.7.7,51.0,Solid server on top of the file-system in NodeJS.,2.0,2.0,85.0,24,True,11833.0,2.0,,['solid'],,nodesolidserver/node-solid-server,https://hub.docker.com/r/nodesolidserver/node-solid-server,2023-09-03 08:18:28.394842,946937.0,,solid-server,https://www.npmjs.com/package/solid-server,3225.0,4.0,,,,,,,,,,
64,universal-resolver,decentralized-identity/universal-resolver,decentralized,,,https://github.com/decentralized-identity/universal-resolver,https://github.com/decentralized-identity/universal-resolver,Apache-2.0,2017-08-01 18:25:42,2023-11-01 18:24:22.000000,2023-10-31 12:34:13,1670.0,47.0,213.0,61.0,275.0,24.0,80.0,492.0,2022-01-07 16:42:38,0.5.0,6.0,Universal Resolver implementation and drivers.,,,98.0,24,True,1537.0,2.0,,,,universalresolver/uni-resolver-web,https://hub.docker.com/r/universalresolver/uni-resolver-web,2023-10-31 12:38:45.757756,115308.0,,,,,,,,,,,,,,,
65,iota-sdk,iotaledger/iota-sdk,decentralized,,iota,https://github.com/iotaledger/iota-sdk,https://github.com/iotaledger/iota-sdk,Apache-2.0,2023-03-20 17:28:44,2023-11-01 23:16:10.000000,2023-10-31 08:54:00,4350.0,154.0,31.0,12.0,933.0,102.0,508.0,33.0,2023-10-31 09:47:01,iota-sdk-python-v1.1.1,65.0,The IOTA SDK provides developers with a seamless experience to develop on IOTA by providing account abstractions and..,12.0,12.0,92.0,24,False,1422.0,2.0,,,9958.0,,,,,,,,,,,,,,,,,,True,
66,supertokens,supertokens/supertokens-core,idp,,,https://github.com/supertokens/supertokens-core,https://github.com/supertokens/supertokens-core,https://github.com/supertokens/supertokens-core/blob/4a134fff6e96c46546fd11d66592d75c9fcef614/ee/LICENSE.md,2020-01-05 13:30:52,2023-11-01 12:24:12.000000,2023-11-01 07:09:34,906.0,74.0,391.0,63.0,413.0,99.0,341.0,10549.0,2023-11-01 12:21:41,7.0.9,49.0,Open source alternative to Auth0 / Firebase Auth / AWS Cognito.,,,25.0,23,True,,3.0,,,,registry.supertokens.io/supertokens/supertokens-postgresql,https://hub.docker.com/r/registry.supertokens.io/supertokens/supertokens-postgresql,,,,,,,,,,,,,,,,,
67,howdy,boltgolt/howdy,authentication,,,https://github.com/boltgolt/howdy,https://github.com/boltgolt/howdy,MIT,2018-01-05 00:54:21,2023-10-24 13:34:43.000000,2023-09-24 10:25:45,558.0,21.0,269.0,57.0,139.0,174.0,533.0,4978.0,2020-09-02 15:57:23,2.6.1,11.0,Windows Hello style facial authentication for Linux.,,,60.0,23,True,206.0,3.0,,,14256.0,,,,,,,,,,,,,,,,,,,howdy
68,opal,permitio/opal,authorization,,,https://github.com/permitio/opal,https://github.com/permitio/opal,Apache-2.0,2021-02-14 11:37:31,2023-10-18 01:44:15.000000,2023-10-09 09:18:09,1677.0,27.0,116.0,20.0,337.0,32.0,76.0,1871.0,2023-09-14 19:06:35,0.7.4,32.0,"Policy and data administration, distribution, and real-time updates on top of Policy Agents (OPA, Cedar, ...).",,,45.0,23,True,3755.0,3.0,,,536.0,permitio/opal-server,https://hub.docker.com/r/permitio/opal-server,2023-09-14 19:15:56.999755,123358.0,,,,,,,,,,,,,,,
69,permify,permify/permify,authorization,,,https://github.com/Permify/permify,https://github.com/Permify/permify,Apache-2.0,2022-07-14 11:16:57,2023-11-01 21:09:54.000000,2023-11-01 21:09:50,2066.0,358.0,59.0,15.0,665.0,30.0,95.0,1733.0,2023-10-25 14:48:00,0.5.5,39.0,Permify is an open-source authorization service inspired by Google Zanzibar.,,,27.0,23,True,75.0,3.0,,,1136.0,ghcr.io/permify/permify,https://hub.docker.com/r/ghcr.io/permify/permify,,,,,,,,,,,,,,,,,
70,freeipa,freeipa/freeipa,idp,,,https://github.com/freeipa/freeipa,https://github.com/freeipa/freeipa,GPL-3.0,2012-05-15 20:34:40,2023-11-01 20:10:52.000000,2023-10-23 11:35:01,15701.0,58.0,302.0,51.0,7066.0,,,1012.0,,,,"Mirror of FreeIPA, an integrated security information management solution.",,,219.0,23,True,40448.0,3.0,,,,freeipa/freeipa-server,https://hub.docker.com/r/freeipa/freeipa-server,2023-11-01 05:55:03.634217,5581848.0,,,,,156.0,,,,,,,,,,
71,dwn-sdk-js,TBD54566975/dwn-sdk-js,decentralized,,,https://github.com/TBD54566975/dwn-sdk-js,https://github.com/TBD54566975/dwn-sdk-js,Apache-2.0,2022-03-11 17:33:48,2023-11-01 21:48:01.000000,2023-11-01 21:46:25,389.0,79.0,87.0,17.0,364.0,44.0,177.0,309.0,2023-10-05 22:31:42,0.2.4,22.0,Decentralized Web Node (DWN) Reference implementation.,108.0,108.0,40.0,23,True,,2.0,,['web5'],,,,,,,tbd54566975/dwn-sdk-js,https://www.npmjs.com/package/tbd54566975/dwn-sdk-js,,,,,,,,,,,,
72,aries-vcx,hyperledger/aries-vcx,decentralized,,aries,https://github.com/hyperledger/aries-vcx,https://github.com/hyperledger/aries-vcx,Apache-2.0,2020-07-21 07:26:03,2023-11-01 21:22:58.000000,2023-11-01 15:47:49,9696.0,91.0,40.0,11.0,879.0,43.0,117.0,59.0,2023-10-25 15:52:57,0.61.0,68.0,"aries-vcx is set of crates to work with DIDs, DID Documents, DIDComm, Verifiable Credentials and Hyperledger Aries.",4.0,4.0,140.0,23,False,292.0,2.0,,['hyperledger'],11401.0,,,,,,,,,,,,,,,,,,,
73,deepfacelive,iperov/DeepFaceLive,face,,,https://github.com/iperov/DeepFaceLive,https://github.com/iperov/DeepFaceLive,GPL-3.0,2020-12-15 12:19:22,2023-07-28 10:14:16.000000,2023-07-28 10:14:10,326.0,,2735.0,274.0,25.0,1.0,142.0,18773.0,2023-01-21 09:26:53,TINA_SHIFT,35.0,Real-time face swap for PC streaming or video calls.,,,11.0,22,True,21694.0,3.0,,,629136.0,,,,,,,,,,,,,,,,,,,
74,openbr,biometrics/openbr,face,,,https://github.com/biometrics/openbr,https://github.com/biometrics/openbr,,2012-12-20 02:52:37,2023-10-12 18:24:15.000000,2023-08-24 19:41:37,4024.0,3.0,752.0,254.0,326.0,63.0,209.0,2810.0,2015-09-29 22:50:55,1.1.0,4.0,"Open Source Biometrics, Face Recognition.",,,55.0,22,False,912.0,3.0,,,109493.0,,,,,,,,,,,,,,,,,,,
75,keystone,openstack/keystone,idp,,,https://github.com/openstack/keystone,https://github.com/openstack/keystone,Apache-2.0,2013-05-30 14:48:39,2023-10-09 06:25:26.000000,2023-10-06 17:10:29,14874.0,17.0,650.0,114.0,17.0,,,669.0,,,,OpenStack Identity (Keystone). Mirror of code maintained at opendev.org.,117.0,117.0,719.0,22,True,,3.0,,['openstack'],,,,,,,,,,,,,,,,,,,,
76,web-did-resolver,decentralized-identity/web-did-resolver,decentralized,,,https://github.com/decentralized-identity/web-did-resolver,https://github.com/decentralized-identity/web-did-resolver,Apache-2.0,2018-09-20 21:44:09,2023-10-30 04:42:04.000000,2023-10-30 01:38:24,272.0,16.0,15.0,14.0,114.0,1.0,10.0,76.0,2023-07-03 18:25:08,2.0.27,38.0,DID resolver for HTTPS domains.,757.0,757.0,12.0,22,False,19823.0,2.0,,['dif'],,,,,,,web-did-resolver,https://www.npmjs.com/package/web-did-resolver,19823.0,,,,,,,,,,,
77,Stronghold,iotaledger/stronghold.rs,decentralized,,iota,https://github.com/iotaledger/stronghold.rs,https://github.com/iotaledger/stronghold.rs,Apache-2.0,2020-06-04 14:17:16,2023-10-30 14:56:45.000000,2023-06-29 10:29:45,1759.0,,47.0,40.0,396.0,6.0,70.0,456.0,2023-07-27 15:07:51,iota-stronghold-v2.0.0,61.0,Stronghold is a secret management engine written in rust.,197.0,197.0,31.0,21,True,0.0,2.0,,,26.0,,,,,,,,,,,,,,,,,,True,
78,sidetree,decentralized-identity/sidetree,standards,,,https://github.com/decentralized-identity/sidetree,https://github.com/decentralized-identity/sidetree,Apache-2.0,2018-09-04 17:20:14,2023-09-28 17:59:07.000000,2023-04-04 19:14:54,1149.0,,102.0,40.0,680.0,37.0,441.0,428.0,2021-03-09 22:06:35,1.0.2,12.0,Sidetree Specification and Reference Implementation.,30.0,30.0,47.0,21,True,,1.0,,['dif'],,,,,,,,,,,,,,,,,,,,
79,aries-framework-go,hyperledger/aries-framework-go,decentralized,,aries,https://github.com/hyperledger/aries-framework-go,https://github.com/hyperledger/aries-framework-go,Apache-2.0,2019-07-09 20:45:08,2023-10-27 19:12:10.000000,2023-09-01 12:06:39,3196.0,11.0,155.0,19.0,2046.0,387.0,1196.0,235.0,2023-05-09 10:57:15,0.3.2,14.0,Hyperledger Aries Framework Go provides packages for building Agent / DIDComm services.,2.0,2.0,59.0,21,True,,2.0,-1.0,['hyperledger'],,,,,,,,,,,,,,,,,,,,
80,facenet,davidsandberg/facenet,face,,,https://github.com/davidsandberg/facenet,https://github.com/davidsandberg/facenet,MIT,2016-02-12 22:14:40,2023-07-24 12:43:21.000000,2018-04-16 17:32:11,566.0,,4661.0,567.0,122.0,498.0,618.0,13251.0,,,,Face recognition using Tensorflow.,,,36.0,20,False,,3.0,,,,,,,,,,,,,,,,,,,,,,
81,gotrue,netlify/gotrue,idp,,,https://github.com/netlify/gotrue,https://github.com/netlify/gotrue,MIT,2016-05-16 23:14:24,2023-10-25 19:52:07.000000,2023-08-31 21:53:17,639.0,1.0,268.0,66.0,221.0,10.0,120.0,3587.0,2022-02-09 12:50:28,1.0.1,2.0,An SWT based API for managing users and issuing SWT tokens.,10.0,10.0,39.0,20,True,,3.0,,,,,,,,,,,,,,,,,,,,,,
82,appauth-ios,openid/appauth-ios,authentication,,,https://github.com/openid/AppAuth-iOS,https://github.com/openid/AppAuth-iOS,Apache-2.0,2016-02-11 14:38:23,2023-10-31 00:29:40.000000,2023-10-25 17:45:50,394.0,3.0,650.0,93.0,307.0,151.0,318.0,1603.0,2023-05-01 17:52:41,1.6.2,25.0,iOS and macOS SDK for communicating with OAuth 2.0 and OpenID Connect providers.,,,50.0,20,True,,3.0,-1.0,['openid'],,,,,,,,,,,,,,,,,,,,
83,webauthn,w3c/webauthn,standards,,,https://github.com/w3c/webauthn,https://github.com/w3c/webauthn,W3C,2016-02-08 14:51:38,2023-11-01 05:15:43.000000,2023-10-11 18:56:38,2154.0,60.0,148.0,172.0,828.0,82.0,1024.0,1042.0,2018-03-20 13:11:25,CR-00-20180320,7.0,Web Authentication: An API for accessing Public Key Credentials.,,,72.0,20,True,,2.0,,['w3c'],,,,,,,,,,,,,,,,,,,,
84,aries-framework-javascript,hyperledger/aries-framework-javascript,decentralized,,aries,https://github.com/hyperledger/aries-framework-javascript,https://github.com/hyperledger/aries-framework-javascript,Apache-2.0,2019-11-20 17:23:33,2023-11-01 16:42:08.000000,2023-10-31 20:17:34,830.0,37.0,143.0,26.0,986.0,165.0,442.0,207.0,2023-10-05 13:35:35,0.4.2,77.0,Aries Framework JavaScript (Built using TypeScript).,2.0,2.0,56.0,20,True,,3.0,,['hyperledger'],,,,,,,,,,,,,,,,,,,,
85,appauth-android,openid/appauth-android,authentication,,,https://github.com/openid/AppAuth-Android,https://github.com/openid/AppAuth-Android,Apache-2.0,2016-02-19 15:09:43,2023-11-01 18:36:13.000000,2023-07-12 07:05:13,339.0,,792.0,238.0,233.0,171.0,525.0,2576.0,,,,Android client SDK for communicating with OAuth 2.0 and OpenID Connect providers.,,,47.0,19,True,,3.0,,['openid'],,,,,,,,,,,,,,,net.openid:appauth,https://search.maven.org/artifact/net.openid/appauth,,,,
86,ja3,salesforce/ja3,pki,,,https://github.com/salesforce/ja3,https://github.com/salesforce/ja3,BSD-3-Clause,2017-06-13 22:54:10,2023-10-20 20:55:26.000000,2023-10-20 20:55:26,151.0,2.0,270.0,96.0,42.0,28.0,23.0,2335.0,,,,JA3 is a standard for creating SSL client fingerprints in an easy to produce and shareable way.,,,26.0,19,True,1922.0,3.0,,,,,,,,,,,,,pyja3,https://pypi.org/project/pyja3,1922.0,,,,,,,
87,ladon,ory/ladon,authorization,,,https://github.com/ory/ladon,https://github.com/ory/ladon,Apache-2.0,2015-10-16 15:21:28,2023-06-09 16:12:30.000000,2023-06-09 16:12:30,149.0,,221.0,64.0,103.0,4.0,54.0,2279.0,2020-04-30 07:36:33,1.2.0,40.0,A SDK for access control policies: authorization for the microservice and IoT age. Inspired by AWS IAM policies...,,,50.0,18,True,,3.0,,['ory'],,,,,,,,,,,,,,,,,,,,
88,aries-rfcs,hyperledger/aries-rfcs,standards,,,https://github.com/hyperledger/aries-rfcs,https://github.com/hyperledger/aries-rfcs,Apache-2.0,2019-05-08 16:49:20,2023-10-24 17:38:12.000000,2023-07-24 21:30:11,2151.0,,206.0,58.0,573.0,52.0,171.0,311.0,,,,"Hyperledger Aries is infrastructure for blockchain-rooted, peer-to-peer interactions.",,,84.0,18,True,,2.0,,['hyperledger'],,,,,,,,,,,,,,,,,,,,
89,vc-data-model,w3c/vc-data-model,standards,,,https://github.com/w3c/vc-data-model,https://github.com/w3c/vc-data-model,W3C,2016-11-15 20:14:42,2023-11-01 16:21:18.000000,2023-11-01 11:20:01,1587.0,161.0,78.0,82.0,683.0,64.0,566.0,257.0,,,,W3C Verifiable Credentials Working Group VC Data Model and Representations specification.,,,62.0,18,True,,2.0,,['w3c'],,,,,,,,,,,,,,,,,,,,
90,spruceid-ssi,spruceid/ssi,decentralized,,spruceid,https://github.com/spruceid/ssi,https://github.com/spruceid/ssi,Apache-2.0,2020-08-04 14:40:34,2023-11-01 15:52:00.000000,2023-11-01 15:51:52,531.0,8.0,46.0,29.0,353.0,73.0,103.0,157.0,,,,Core library for decentralized identity.,113.0,113.0,23.0,18,True,,3.0,,,,,,,,,,,,,,,,,,,,,,
91,aries-mobile-agent-react-native,hyperledger/aries-mobile-agent-react-native,decentralized,,aries,https://github.com/hyperledger/aries-mobile-agent-react-native,https://github.com/hyperledger/aries-mobile-agent-react-native,Apache-2.0,2020-11-06 19:58:19,2023-11-01 18:22:18.000000,2023-10-31 23:55:50,1594.0,76.0,104.0,21.0,772.0,66.0,173.0,119.0,,,,Aries Mobile Agent React Native - Part of the Aries Bifold effort to provide SSI capabilities in a production ready app.,,,40.0,18,True,,3.0,,['hyperledger'],,,,,,,,,,,,,,,,,,,,
92,trinsic-okapi,trinsic-id/okapi,decentralized,,trinsic-id,https://github.com/trinsic-id/okapi,https://github.com/trinsic-id/okapi,Apache-2.0,2020-10-19 15:17:13,2023-10-27 23:00:14.000000,2023-09-11 22:25:57,541.0,1.0,11.0,11.0,532.0,26.0,80.0,26.0,2022-05-29 21:14:21,1.6.0,19.0,Collection of tools that support workflows for authentic data and identity management. Libraries available in most..,542.0,542.0,14.0,18,False,591.0,3.0,-1.0,,17748.0,,,,,,,,,,,,,,,,,,,
93,ion,decentralized-identity/ion,decentralized,,,https://github.com/decentralized-identity/ion,https://github.com/decentralized-identity/ion,Apache-2.0,2019-01-25 00:34:40,2023-08-25 15:24:32.000000,2023-08-25 15:23:54,215.0,1.0,159.0,90.0,184.0,70.0,68.0,1216.0,2022-06-09 01:42:53,1.0.4,17.0,The Identity Overlay Network (ION) is a DID Method implementation using the Sidetree protocol atop Bitcoin.,,,31.0,17,True,,3.0,-1.0,,,,,,,,,,,,,,,,,,,,,
94,solid-specification,solid/specification,standards,,solid-project,https://github.com/solid/specification,https://github.com/solid/specification,MIT,2019-05-14 21:20:03,2023-11-01 17:36:18.000000,2023-11-01 08:46:32,955.0,45.0,36.0,49.0,195.0,186.0,134.0,439.0,2021-12-21 13:00:06,protocol-v0.9.0,1.0,Solid Technical Reports.,,,21.0,17,True,,2.0,2.0,['solid'],,,,,,,,,,,,,,,,,,,,
95,barbican,openstack/barbican,pki,,,https://github.com/openstack/barbican,https://github.com/openstack/barbican,Apache-2.0,2014-05-23 22:15:27,2023-10-14 20:52:49.000000,2023-10-14 20:52:15,3589.0,18.0,66.0,27.0,5.0,,,226.0,,,,"Barbican is a ReST API designed for the secure storage, provisioning and management of secrets, including in OpenStack..",,,297.0,17,True,,3.0,,['openstack'],,,,,,,,,,,,,,,,,,,,
96,tbd-ssi-sdk,tbd54566975/ssi-sdk,decentralized,,,https://github.com/TBD54566975/ssi-sdk,https://github.com/TBD54566975/ssi-sdk,Apache-2.0,2022-02-02 20:20:10,2023-11-01 15:46:55.000000,2023-11-01 15:45:58,312.0,27.0,52.0,12.0,322.0,47.0,107.0,186.0,,,4.0,self sovereign identity sdk.,33.0,33.0,16.0,17,True,,3.0,,['web5'],,,,,,,,,,,,,,,,,,,,
97,waltid-walletkit,walt-id/waltid-walletkit,decentralized,,waltid-ssikit,https://github.com/walt-id/waltid-walletkit,https://github.com/walt-id/waltid-walletkit,Apache-2.0,2021-09-24 15:14:51,2023-10-31 12:37:38.854547,2023-10-31 12:31:18,1371.0,20.0,25.0,2.0,111.0,2.0,43.0,32.0,2023-10-31 12:37:40,1.2310311231.0,44.0,Toolkit for SSI and NFT/SBT wallets.,,,12.0,17,False,146.0,3.0,,,,waltid/walletkit,https://hub.docker.com/r/waltid/walletkit,2023-10-31 12:37:38.854547,3818.0,,,,,,,,,,,,,,,
98,spiffe,spiffe/spiffe,machine,,,https://github.com/spiffe/spiffe,https://github.com/spiffe/spiffe,Apache-2.0,2017-08-07 20:45:21,2023-10-30 01:40:44.000000,2023-09-29 22:06:47,534.0,5.0,146.0,84.0,203.0,15.0,41.0,1314.0,,,,The SPIFFE Project.,,,57.0,16,True,,3.0,,"['cncf', 'linux-foundation']",,,,,,,,,,,,,,,,,,,,
99,did-core,w3c/did-core,standards,,,https://github.com/w3c/did-core,https://github.com/w3c/did-core,W3C,2019-09-10 07:46:26,2023-04-11 23:37:45.000000,2023-04-11 23:37:45,1309.0,,84.0,74.0,487.0,31.0,324.0,387.0,,,,W3C Decentralized Identifier Specification v1.0.,,,62.0,15,True,,3.0,,['w3c'],,,,,,,,,,,,,,,,,,,,
100,tbd-ssi-service,tbd54566975/ssi-service,decentralized,,,https://github.com/TBD54566975/ssi-service,https://github.com/TBD54566975/ssi-service,Apache-2.0,2022-03-11 18:07:18,2023-10-30 20:56:54.000000,2023-10-30 14:36:57,437.0,39.0,52.0,11.0,491.0,87.0,126.0,138.0,,,3.0,The Self Sovereign Identity Service.,,,21.0,15,True,,3.0,,['web5'],,,,,,,,,,,,,,,,,,,,
101,aries-framework-dotnet,hyperledger/aries-framework-dotnet,decentralized,,aries,https://github.com/hyperledger/aries-framework-dotnet,https://github.com/hyperledger/aries-framework-dotnet,Apache-2.0,2019-08-19 18:49:27,2023-10-09 17:38:49.000000,2023-10-09 17:38:48,147.0,1.0,69.0,27.0,175.0,42.0,28.0,82.0,,,,Aries Framework .NET for building multiplatform SSI services.,44.0,44.0,31.0,15,False,,3.0,,['hyperledger'],,,,,,,,,,,,,,,,,,,,
102,presentation-exchange,decentralized-identity/presentation-exchange,standards,,,https://github.com/decentralized-identity/presentation-exchange,https://github.com/decentralized-identity/presentation-exchange,Apache-2.0,2020-01-07 23:10:12,2023-10-24 10:04:29.000000,2023-10-05 20:28:43,621.0,8.0,31.0,31.0,226.0,46.0,170.0,75.0,,,,Specification that codifies an inter-related pair of data formats for defining proof presentations (Presentation..,,,36.0,15,False,,3.0,,['dif'],,,,,,,,,,,,,,,,,,,,
103,polygon-js-sdk,0xPolygonID/js-sdk,decentralized,,polygon-id,https://github.com/0xPolygonID/js-sdk,https://github.com/0xPolygonID/js-sdk,,2022-11-08 12:11:09,2023-11-01 10:24:16.000000,2023-11-01 07:54:57,386.0,18.0,19.0,4.0,121.0,6.0,19.0,39.0,2023-11-01 07:56:14,1.4.0,26.0,SDK to work with Polygon ID.,64.0,64.0,15.0,15,False,,3.0,,,,,,,,,,,,,,,,,,,,,,
104,anoncreds,hyperledger/anoncreds-spec,standards,,,https://github.com/hyperledger/anoncreds-spec,https://github.com/hyperledger/anoncreds-spec,Apache-2.0,2022-02-19 17:05:57,2023-11-01 17:59:04.000000,2023-11-01 17:58:41,444.0,80.0,25.0,13.0,126.0,23.0,25.0,39.0,,,,The specification for AnonCreds verifiable credential exchange.,,,24.0,15,False,,3.0,,['hyperledger'],,,,,,,,,,,,,,,,,,,,
105,openid4vci,sphereon-opensource/openid4vci,decentralized,,sphereon-ssi,https://github.com/Sphereon-Opensource/OID4VCI,https://github.com/Sphereon-Opensource/OID4VCI,Apache-2.0,2022-10-09 21:29:30,2023-10-23 04:07:16.000000,2023-10-14 23:14:56,617.0,60.0,10.0,6.0,64.0,2.0,8.0,38.0,2023-10-14 23:03:15,0.8.1,14.0,OpenID for Verifiable Credential Issuance - client and issuer library.,,,13.0,15,False,,3.0,,,,,,,,Sphereon-Opensource/OID4VCI,,,,,,,,,,,,,,
106,pex,sphereon-opensource/pex,decentralized,,sphereon-ssi,https://github.com/Sphereon-Opensource/PEX,https://github.com/Sphereon-Opensource/PEX,Apache-2.0,2021-04-12 14:54:14,2023-10-12 21:11:44.000000,2023-10-12 21:11:39,933.0,21.0,9.0,7.0,104.0,6.0,20.0,26.0,2023-09-28 01:02:52,2.1.2,26.0,A Typescript implementation of the DIF Presentation Exchange specification.,16.0,16.0,15.0,15,False,2.0,3.0,,,58.0,,,,,,,,,,,,,,,,,,,
107,waltid-idpkit,walt-id/waltid-idpkit,decentralized,,waltid-ssikit,https://github.com/walt-id/waltid-idpkit,https://github.com/walt-id/waltid-idpkit,Apache-2.0,2022-03-21 16:28:15,2023-10-27 18:52:56.044331,2023-10-27 18:47:46,349.0,43.0,6.0,2.0,36.0,,36.0,20.0,2023-09-07 16:06:04,1.2309071555.0,28.0,OIDC identity provider for SSI & NFTs.,,,9.0,15,False,35.0,3.0,,,,waltid/idpkit,https://hub.docker.com/r/waltid/idpkit,2023-10-27 18:52:56.044331,708.0,,,,,,,,,,,,,,,
108,fedfm,fedidcg/FedCM,standards,,,https://github.com/fedidcg/FedCM,https://github.com/fedidcg/FedCM,,2020-03-20 21:58:44,2023-10-24 15:11:55.000000,2023-10-24 15:10:21,669.0,10.0,51.0,75.0,252.0,153.0,101.0,293.0,,,,A privacy preserving identity exchange Web API.,,,31.0,14,False,,3.0,,['w3c'],,,,,,,,,,,,,,,,,,,,
109,verity-sdk,evernym/verity-sdk,decentralized,,evernym-ssi,https://github.com/evernym/verity-sdk,https://github.com/evernym/verity-sdk,Apache-2.0,2020-06-18 20:16:43,2023-04-11 16:19:34.000000,2023-04-11 16:19:31,1451.0,,38.0,13.0,115.0,,,47.0,,,,Evernym Verity is a decentralized protocol platform for issuing and verifying digital credentials. This repo contains..,14.0,14.0,36.0,14,False,,3.0,,,,,,,,,,,,,,,,,,,,,,
110,appauth-js,openid/appauth-js,authentication,,,https://github.com/openid/AppAuth-JS,https://github.com/openid/AppAuth-JS,Apache-2.0,2017-04-03 11:22:40,2022-10-15 14:37:14.000000,2022-07-19 15:07:09,89.0,,151.0,37.0,93.0,30.0,102.0,934.0,,,,JavaScript client SDK for communicating with OAuth 2.0 and OpenID Connect providers.,,,10.0,13,False,,3.0,,['openid'],,,,,,,,,,,,,,,,,,,,
111,beyond,cogolabs/beyond,machine,,,https://github.com/cogolabs/beyond,https://github.com/cogolabs/beyond,	Apache-2.0,2017-08-13 18:29:25,2022-05-26 15:15:14.000000,2022-05-25 16:48:25,133.0,,25.0,9.0,2.0,4.0,1.0,241.0,2022-05-26 15:15:14,1.8.10,4.0,BeyondCorp-inspired HTTPS/SSO Access Proxy. Secure internal services outside your VPN/perimeter network during a zero-..,,,5.0,13,False,234.0,3.0,,,,cogolabs/beyond,https://hub.docker.com/r/cogolabs/beyond,2021-03-16 02:43:33.655703,17622.0,,,,,,,,,,,,,,,
112,siop-oid4vp,sphereon-opensource/siop-oid4vp,decentralized,,sphereon-ssi,https://github.com/Sphereon-Opensource/SIOP-OID4VP,https://github.com/Sphereon-Opensource/SIOP-OID4VP,Apache-2.0,2021-09-08 22:32:38,2023-10-13 21:30:20.000000,2023-10-01 02:04:32,596.0,16.0,18.0,8.0,45.0,5.0,12.0,66.0,,,13.0,Self Issued OpenID Provider v2 (SIOP) with optional OpenID for Verifiable Presentations (OpenID4VP).,40.0,40.0,11.0,13,False,0.0,3.0,,,24.0,,,,,,,,,,,,,,,,,,,
113,bbs-signature,decentralized-identity/bbs-signature,standards,,,https://github.com/decentralized-identity/bbs-signature,https://github.com/decentralized-identity/bbs-signature,Apache-2.0,2021-08-23 11:09:09,2023-10-31 00:09:01.000000,2023-10-23 20:42:55,790.0,24.0,18.0,14.0,161.0,12.0,118.0,57.0,,,,The BBS Signature Scheme.,,,15.0,12,False,,3.0,,['dif'],,,,,,,,,,,,,,,,,,,,
114,mobile-sdk,evernym/mobile-sdk,decentralized,,evernym-ssi,https://github.com/evernym/mobile-sdk,https://github.com/evernym/mobile-sdk,Apache-2.0,2020-01-14 21:16:21,2023-07-20 15:10:24.000000,2023-03-29 23:11:14,598.0,,5.0,63.0,82.0,,,17.0,2021-03-22 11:09:10,1.4.1,100.0,Evernyms SDK for building mobile identity agents. This is a read-only mirror. Contributions are welcomed at..,,,25.0,12,False,4.0,3.0,,,198.0,,,,,,,,,,,,,,,,,,,
115,waltid-web-wallet,walt-id/waltid-web-wallet,decentralized,,waltid-ssikit,https://github.com/walt-id/waltid-web-wallet,https://github.com/walt-id/waltid-web-wallet,,2023-07-27 19:04:55,2023-11-01 19:23:29.000000,2023-11-01 19:23:03,244.0,227.0,,1.0,62.0,1.0,,,2023-11-01 07:01:35,1.2311010655.0,41.0,Custodian identity wallet white-label solution.,,,9.0,12,False,526.0,3.0,,,,waltid/ssikit-web-wallet,https://hub.docker.com/r/waltid/ssikit-web-wallet,2023-06-29 16:56:55.416195,2106.0,,,,,,,,,,,,,,,
116,ssi-mobile-wallet,sphereon-opensource/ssi-mobile-wallet,decentralized,,sphereon-ssi,https://github.com/Sphereon-Opensource/ssi-mobile-wallet,https://github.com/Sphereon-Opensource/ssi-mobile-wallet,GPL-3.0,2022-11-08 00:55:26,2023-10-26 10:56:49.000000,2023-10-26 10:56:49,853.0,47.0,6.0,6.0,155.0,7.0,8.0,35.0,,,,Open-Source Mobile SSI Wallet.,,,8.0,11,False,,3.0,,,,,,,,,,,,,,,,,,,,,,
117,react-native-white-label-app,evernym/react-native-white-label-app,decentralized,,evernym-ssi,https://github.com/evernym/react-native-white-label-app,https://github.com/evernym/react-native-white-label-app,Apache-2.0,2020-12-01 15:41:06,2023-03-29 23:06:53.000000,2023-03-29 23:06:51,786.0,,7.0,13.0,1.0,3.0,,11.0,,,,The Evernym React Native White Label App uses the Mobile SDK to implement a basic mobile identity wallet ready for..,28.0,28.0,21.0,11,False,,3.0,,,,,,,,,,,,,,,,,,,,,,
118,talao-wallet,talaodao/talao-wallet,decentralized,,talao-altme,https://github.com/TalaoDAO/talao-wallet,https://github.com/TalaoDAO/talao-wallet,Apache-2.0,2021-06-29 14:41:04,2023-03-20 12:52:28.000000,2023-03-20 08:12:52,3967.0,,5.0,3.0,69.0,21.0,244.0,10.0,2023-01-06 16:00:40,old_talao,1.0,An open source SSI wallet prpposed as a white label solution - EBSI conformant.,,,14.0,11,False,,3.0,,,,,,,,,,,,,,,,,,,,,,
119,universal-wallet-interop-spec,w3c-ccg/universal-wallet-interop-spec,standards,,,https://github.com/w3c-ccg/universal-wallet-interop-spec,https://github.com/w3c-ccg/universal-wallet-interop-spec,W3C,2020-08-25 01:43:15,2023-05-18 13:45:33.000000,2023-02-22 15:32:05,319.0,,12.0,42.0,47.0,42.0,24.0,53.0,,,,A data model and abstract interfaces for digital wallets.,2.0,2.0,10.0,10,False,,3.0,,['w3c'],,,,,,,,,,,,,,,,,,,,
120,credible,spruceid/credible,decentralized,,spruceid,https://github.com/spruceid/wallet,https://github.com/spruceid/wallet,Apache-2.0,2020-07-23 21:18:28,2023-10-18 10:45:25.000000,2023-10-02 22:37:32,194.0,1.0,17.0,19.0,73.0,10.0,24.0,38.0,,,,A reference credential wallet built on Flutter and DIDKit.,,,12.0,10,False,,3.0,,,,,,,,spruceid/wallet,,,,,,,,,,,,,,
121,entra-verifiedid-wallet-library-ios,microsoft/entra-verifiedid-wallet-library-ios,decentralized,,,https://github.com/microsoft/entra-verifiedid-wallet-library-ios,https://github.com/microsoft/entra-verifiedid-wallet-library-ios,MIT,2022-11-17 19:38:59,2023-10-23 20:02:26.000000,2023-10-06 14:24:02,60.0,6.0,3.0,10.0,57.0,2.0,1.0,13.0,2023-06-19 17:55:50,1.0.0,2.0,A library to manage your Decentralized Identities and Verified IDs on iOS.,,,3.0,10,False,,3.0,,,,,,,,,,,,,,,,,,,,,,
122,vlei,weboftrust/vlei,standards,,,https://github.com/WebOfTrust/vLEI,https://github.com/WebOfTrust/vLEI,Apache-2.0,2021-04-19 14:33:35,2023-08-03 17:26:55.000000,2023-05-18 17:06:05,84.0,,10.0,8.0,32.0,21.0,27.0,22.0,,,,Public Open Specifications for GLEIF vLEI (verifiable Legal Entity Identifiers).,,,4.0,9,False,,3.0,,,,,,,,,,,,,,,,,,,,,,
123,entra-verifiedid-wallet-library-android,microsoft/entra-verifiedid-wallet-library-android,decentralized,,,https://github.com/microsoft/entra-verifiedid-wallet-library-android,https://github.com/microsoft/entra-verifiedid-wallet-library-android,MIT,2022-11-17 18:59:22,2023-10-24 00:04:12.000000,2023-10-06 18:01:30,61.0,7.0,1.0,10.0,59.0,1.0,1.0,15.0,2023-06-20 20:22:25,1.0.0,2.0,A library to manage your Decentralized Identities and Verified IDs on Android.,,,5.0,9,False,,3.0,,,,,,,,,,,,,,,,,,,,,,
124,waltid-storagekit,walt-id/waltid-storagekit,decentralized,,waltid-ssikit,https://github.com/walt-id/waltid-storagekit,https://github.com/walt-id/waltid-storagekit,Apache-2.0,2021-11-15 09:47:22,2023-02-06 15:36:34.000000,2023-02-06 15:36:10,37.0,,2.0,4.0,4.0,1.0,6.0,9.0,2023-02-06 15:38:55,1.2302061536.0,1.0,Enhance your app with zero trust storage and privacy-preserving data sharing.,,,5.0,7,False,,3.0,,,,,,,,,,,,,,,,,,,,,,
125,connectme,evernym/connectme,decentralized,,evernym-ssi,https://github.com/evernym/ConnectMe,https://github.com/evernym/ConnectMe,Apache-2.0,2021-06-22 22:25:37,2023-03-29 20:57:35.000000,2023-03-29 20:57:32,817.0,,2.0,4.0,,,,3.0,,,,Evernyms Connect.Me is an industry leading mobile identity wallet that makes it easy for people to manage their..,,,16.0,7,False,,3.0,,,,,,,,,,,,,,,,,,,,,,
126,cfssl,cloudfare/cfssl,pki,,,,{},,,2023-10-23 16:41:14.448255,,,,,,,,,23.0,,,,CloudFlares PKI toolkit.,,,,2,False,,3.0,,,,cfssl/cfssl,https://hub.docker.com/r/cfssl/cfssl,2023-10-23 16:41:14.448255,4051580.0,,,,,23.0,,,,,,,,,,
127,vc-api,w3c-ccg/vs-api,standards,,,,{},W3C,,,,,,,,,,,,,,,,,,,1,False,,3.0,,['w3c'],,,,,,,,,,,,,,,,,,,,
128,decentralized-web-node,decentralized-identity/decentralize-web-node,standards,,,,{},,,,,,,,,,,,,,,,,,,,0,False,,,,"['dif', 'web5']",,,,,,,,,,,,,,,,,,,,
129,didcomm-messaging,decentralized-identity/didcomm-messagging,standards,,,,{},,,,,,,,,,,,,,,,,,,,0,False,,,,['dif'],,,,,,,,,,,,,,,,,,,,
130,keripyhyperledger,,decentralized,,,,,,,,,,,,,,,,,,,,,,,,0,False,,,,,,,,,,,,,,,,,,,,,,,,
131,selective-disclosure-jwt,oauth-selective-disclosure-jwt,decentralized,,,,,,,,,,,,,,,,,,,,,,,,0,False,,,,,,,,,,,,,,,,,,,,,,,,
